CalendarYear,MonthNumberOfYear,SalesTerritoryRegion,Subcategory,BudgetedSales
2001,7,Australia,Mountain Bikes,71510
2001,7,Australia,Road Bikes,190248
2001,7,Canada,Mountain Bikes,4183
2001,7,Canada,Road Bikes,15429
2001,7,France,Mountain Bikes,7916
2001,7,France,Road Bikes,31825
2001,7,Germany,Mountain Bikes,4384
2001,7,Germany,Road Bikes,36068
2001,7,Northwest,Mountain Bikes,12058
2001,7,Northwest,Road Bikes,49089
2001,7,Southwest,Mountain Bikes,3059
2001,7,Southwest,Road Bikes,59190
2001,7,United Kingdom,Mountain Bikes,5893
2001,7,United Kingdom,Road Bikes,28572
2001,8,Australia,Mountain Bikes,54200
2001,8,Australia,Road Bikes,163254
2001,8,Canada,Mountain Bikes,8031
2001,8,Canada,Road Bikes,22168
2001,8,France,Mountain Bikes,8196
2001,8,France,Road Bikes,10289
2001,8,Germany,Road Bikes,46872
2001,8,Northwest,Mountain Bikes,7654
2001,8,Northwest,Road Bikes,38667
2001,8,Southwest,Mountain Bikes,11014
2001,8,Southwest,Road Bikes,79421
2001,8,United Kingdom,Mountain Bikes,10859
2001,8,United Kingdom,Road Bikes,44834
2001,9,Australia,Mountain Bikes,10580
2001,9,Australia,Road Bikes,147436
2001,9,Canada,Road Bikes,20753
2001,9,France,Mountain Bikes,3272
2001,9,France,Road Bikes,39154
2001,9,Germany,Road Bikes,28375
2001,9,Northwest,Mountain Bikes,8444
2001,9,Northwest,Road Bikes,33197
2001,9,Southwest,Mountain Bikes,5575
2001,9,Southwest,Road Bikes,80448
2001,9,United Kingdom,Mountain Bikes,14524
2001,9,United Kingdom,Road Bikes,43888
2001,10,Australia,Mountain Bikes,58507
2001,10,Australia,Road Bikes,176923
2001,10,Canada,Mountain Bikes,2766
2001,10,Canada,Road Bikes,10949
2001,10,France,Road Bikes,11661
2001,10,Germany,Mountain Bikes,12077
2001,10,Germany,Road Bikes,30924
2001,10,Northwest,Mountain Bikes,7993
2001,10,Northwest,Road Bikes,70271
2001,10,Southwest,Mountain Bikes,8322
2001,10,Southwest,Road Bikes,100576
2001,10,United Kingdom,Mountain Bikes,5643
2001,10,United Kingdom,Road Bikes,54447
2001,11,Australia,Mountain Bikes,43199
2001,11,Australia,Road Bikes,136243
2001,11,Canada,Mountain Bikes,3365
2001,11,Canada,Road Bikes,26446
2001,11,France,Mountain Bikes,7451
2001,11,France,Road Bikes,35428
2001,11,Germany,Mountain Bikes,18982
2001,11,Germany,Road Bikes,32793
2001,11,Northwest,Road Bikes,71120
2001,11,Southwest,Mountain Bikes,23604
2001,11,Southwest,Road Bikes,72300
2001,11,United Kingdom,Mountain Bikes,2787
2001,11,United Kingdom,Road Bikes,23566
2001,12,Australia,Mountain Bikes,43105
2001,12,Australia,Road Bikes,260052
2001,12,Canada,Mountain Bikes,4183
2001,12,Canada,Road Bikes,34877
2001,12,France,Mountain Bikes,3475
2001,12,France,Road Bikes,27783
2001,12,Germany,Mountain Bikes,16769
2001,12,Germany,Road Bikes,42157
2001,12,Northwest,Mountain Bikes,22383
2001,12,Northwest,Road Bikes,85921
2001,12,Southwest,Mountain Bikes,17755
2001,12,Southwest,Road Bikes,119213
2001,12,United Kingdom,Mountain Bikes,10757
2001,12,United Kingdom,Road Bikes,39459
2002,1,Australia,Mountain Bikes,72070
2002,1,Australia,Road Bikes,136532
2002,1,Canada,Mountain Bikes,5080
2002,1,Canada,Road Bikes,56729
2002,1,France,Mountain Bikes,8022
2002,1,France,Road Bikes,33321
2002,1,Germany,Mountain Bikes,3127
2002,1,Germany,Road Bikes,6810
2002,1,Northwest,Mountain Bikes,8567
2002,1,Northwest,Road Bikes,66266
2002,1,Southwest,Mountain Bikes,14038
2002,1,Southwest,Road Bikes,108581
2002,1,United Kingdom,Mountain Bikes,14893
2002,1,United Kingdom,Road Bikes,42410
2002,2,Australia,Mountain Bikes,6391
2002,2,Australia,Road Bikes,154213
2002,2,Canada,Mountain Bikes,10554
2002,2,Canada,Road Bikes,143436
2002,2,France,Mountain Bikes,6546
2002,2,France,Road Bikes,28514
2002,2,Germany,Mountain Bikes,3441
2002,2,Germany,Road Bikes,35912
2002,2,Northwest,Mountain Bikes,12036
2002,2,Northwest,Road Bikes,29050
2002,2,Southwest,Mountain Bikes,6816
2002,2,Southwest,Road Bikes,35128
2002,2,United Kingdom,Mountain Bikes,12895
2002,2,United Kingdom,Road Bikes,27889
2002,3,Australia,Mountain Bikes,93155
2002,3,Australia,Road Bikes,195994
2002,3,Canada,Mountain Bikes,3576
2002,3,Canada,Road Bikes,24153
2002,3,France,Mountain Bikes,14200
2002,3,France,Road Bikes,21978
2002,3,Germany,Mountain Bikes,7761
2002,3,Germany,Road Bikes,57635
2002,3,Northwest,Mountain Bikes,12759
2002,3,Northwest,Road Bikes,79372
2002,3,Southwest,Mountain Bikes,11110
2002,3,Southwest,Road Bikes,111018
2002,3,United Kingdom,Mountain Bikes,8738
2002,3,United Kingdom,Road Bikes,22580
2002,4,Australia,Mountain Bikes,90275
2002,4,Australia,Road Bikes,109969
2002,4,Canada,Mountain Bikes,3137
2002,4,Canada,Road Bikes,58611
2002,4,France,Road Bikes,42796
2002,4,Germany,Mountain Bikes,16279
2002,4,Germany,Road Bikes,40557
2002,4,Northwest,Mountain Bikes,16017
2002,4,Northwest,Road Bikes,70078
2002,4,Southwest,Mountain Bikes,15231
2002,4,Southwest,Road Bikes,175543
2002,4,United Kingdom,Mountain Bikes,5264
2002,4,United Kingdom,Road Bikes,26335
2002,5,Australia,Mountain Bikes,75822
2002,5,Australia,Road Bikes,139367
2002,5,Canada,Mountain Bikes,6909
2002,5,Canada,Road Bikes,42115
2002,5,France,Mountain Bikes,7558
2002,5,France,Road Bikes,35578
2002,5,Germany,Mountain Bikes,10580
2002,5,Germany,Road Bikes,28934
2002,5,Northwest,Mountain Bikes,2935
2002,5,Northwest,Road Bikes,87975
2002,5,Southwest,Mountain Bikes,57374
2002,5,Southwest,Road Bikes,165240
2002,5,United Kingdom,Mountain Bikes,6028
2002,5,United Kingdom,Road Bikes,22182
2002,6,Australia,Mountain Bikes,75294
2002,6,Australia,Road Bikes,109438
2002,6,Canada,Mountain Bikes,11265
2002,6,Canada,Road Bikes,72144
2002,6,France,Mountain Bikes,3137
2002,6,France,Road Bikes,33405
2002,6,Germany,Mountain Bikes,12216
2002,6,Germany,Road Bikes,48505
2002,6,Northwest,Mountain Bikes,11541
2002,6,Northwest,Road Bikes,88341
2002,6,Southwest,Mountain Bikes,23724
2002,6,Southwest,Road Bikes,103547
2002,6,United Kingdom,Mountain Bikes,10723
2002,6,United Kingdom,Road Bikes,35776
2002,7,Australia,Mountain Bikes,52063
2002,7,Australia,Road Bikes,87005
2002,7,Canada,Mountain Bikes,7717
2002,7,Canada,Road Bikes,46325
2002,7,France,Mountain Bikes,4738
2002,7,France,Road Bikes,47921
2002,7,Germany,Mountain Bikes,6354
2002,7,Germany,Road Bikes,36737
2002,7,Northwest,Mountain Bikes,9724
2002,7,Northwest,Road Bikes,68485
2002,7,Southwest,Mountain Bikes,21448
2002,7,Southwest,Road Bikes,110984
2002,7,United Kingdom,Mountain Bikes,13668
2002,7,United Kingdom,Road Bikes,31877
2002,8,Australia,Mountain Bikes,57793
2002,8,Australia,Road Bikes,111119
2002,8,Canada,Mountain Bikes,4846
2002,8,Canada,Road Bikes,49510
2002,8,France,Mountain Bikes,16601
2002,8,France,Road Bikes,31209
2002,8,Germany,Mountain Bikes,6147
2002,8,Germany,Road Bikes,30883
2002,8,Northwest,Mountain Bikes,26249
2002,8,Northwest,Road Bikes,74494
2002,8,Southeast,Road Bikes,938
2002,8,Southwest,Mountain Bikes,19109
2002,8,Southwest,Road Bikes,91876
2002,8,United Kingdom,Mountain Bikes,10930
2002,8,United Kingdom,Road Bikes,41901
2002,9,Australia,Mountain Bikes,13154
2002,9,Australia,Road Bikes,128261
2002,9,Canada,Mountain Bikes,2153
2002,9,Canada,Road Bikes,11509
2002,9,France,Mountain Bikes,13401
2002,9,France,Road Bikes,33202
2002,9,Germany,Mountain Bikes,4828
2002,9,Germany,Road Bikes,27215
2002,9,Northwest,Mountain Bikes,14933
2002,9,Northwest,Road Bikes,24997
2002,9,Southwest,Mountain Bikes,18855
2002,9,Southwest,Road Bikes,19275
2002,9,United Kingdom,Mountain Bikes,15177
2002,9,United Kingdom,Road Bikes,38572
2002,10,Australia,Mountain Bikes,105484
2002,10,Australia,Road Bikes,122781
2002,10,Canada,Mountain Bikes,4828
2002,10,Canada,Road Bikes,15488
2002,10,France,Mountain Bikes,18156
2002,10,France,Road Bikes,34297
2002,10,Germany,Road Bikes,40645
2002,10,Northwest,Mountain Bikes,12484
2002,10,Northwest,Road Bikes,18208
2002,10,Southwest,Mountain Bikes,20762
2002,10,Southwest,Road Bikes,23999
2002,10,United Kingdom,Mountain Bikes,16152
2002,10,United Kingdom,Road Bikes,25213
2002,11,Australia,Mountain Bikes,10548
2002,11,Australia,Road Bikes,116141
2002,11,Canada,Mountain Bikes,4138
2002,11,Canada,Road Bikes,4362
2002,11,France,Mountain Bikes,2174
2002,11,France,Road Bikes,28448
2002,11,Germany,Mountain Bikes,18149
2002,11,Germany,Road Bikes,27915
2002,11,Northwest,Mountain Bikes,18598
2002,11,Northwest,Road Bikes,35848
2002,11,Southwest,Mountain Bikes,27243
2002,11,Southwest,Road Bikes,18471
2002,11,United Kingdom,Mountain Bikes,13347
2002,11,United Kingdom,Road Bikes,41444
2002,12,Australia,Mountain Bikes,61013
2002,12,Australia,Road Bikes,114957
2002,12,Canada,Mountain Bikes,12931
2002,12,Canada,Road Bikes,13733
2002,12,France,Mountain Bikes,19962
2002,12,France,Road Bikes,68290
2002,12,Germany,Mountain Bikes,15513
2002,12,Germany,Road Bikes,41964
2002,12,Northwest,Mountain Bikes,27818
2002,12,Northwest,Road Bikes,29595
2002,12,Southwest,Mountain Bikes,47468
2002,12,Southwest,Road Bikes,40235
2002,12,United Kingdom,Mountain Bikes,21903
2002,12,United Kingdom,Road Bikes,59553
2003,1,Australia,Mountain Bikes,102675
2003,1,Australia,Road Bikes,94793
2003,1,Canada,Mountain Bikes,8711
2003,1,Canada,Road Bikes,10085
2003,1,France,Mountain Bikes,12988
2003,1,France,Road Bikes,31551
2003,1,Germany,Mountain Bikes,6462
2003,1,Germany,Road Bikes,27579
2003,1,Northwest,Mountain Bikes,25319
2003,1,Northwest,Road Bikes,16888
2003,1,Southeast,Road Bikes,625
2003,1,Southwest,Mountain Bikes,33772
2003,1,Southwest,Road Bikes,23113
2003,1,United Kingdom,Mountain Bikes,26754
2003,1,United Kingdom,Road Bikes,41163
2003,2,Australia,Mountain Bikes,134975
2003,2,Australia,Road Bikes,78559
2003,2,Canada,Mountain Bikes,16690
2003,2,Canada,Road Bikes,3764
2003,2,France,Mountain Bikes,12709
2003,2,France,Road Bikes,35900
2003,2,Germany,Mountain Bikes,26500
2003,2,Germany,Road Bikes,32726
2003,2,Northwest,Mountain Bikes,26312
2003,2,Northwest,Road Bikes,20008
2003,2,Southwest,Mountain Bikes,23260
2003,2,Southwest,Road Bikes,28812
2003,2,United Kingdom,Mountain Bikes,22949
2003,2,United Kingdom,Road Bikes,46308
2003,3,Australia,Mountain Bikes,126416
2003,3,Australia,Road Bikes,93488
2003,3,Canada,Mountain Bikes,16691
2003,3,Canada,Road Bikes,15120
2003,3,France,Mountain Bikes,15084
2003,3,France,Road Bikes,61780
2003,3,Germany,Mountain Bikes,19474
2003,3,Germany,Road Bikes,31998
2003,3,Northwest,Mountain Bikes,13844
2003,3,Northwest,Road Bikes,16888
2003,3,Southwest,Mountain Bikes,37554
2003,3,Southwest,Road Bikes,9540
2003,3,United Kingdom,Mountain Bikes,16101
2003,3,United Kingdom,Road Bikes,48389
2003,4,Australia,Mountain Bikes,130892
2003,4,Australia,Road Bikes,103946
2003,4,Canada,Mountain Bikes,10163
2003,4,Canada,Road Bikes,3334
2003,4,France,Mountain Bikes,12685
2003,4,France,Road Bikes,35754
2003,4,Germany,Mountain Bikes,25822
2003,4,Germany,Road Bikes,53801
2003,4,Northwest,Mountain Bikes,29656
2003,4,Northwest,Road Bikes,33706
2003,4,Southwest,Mountain Bikes,19972
2003,4,Southwest,Road Bikes,27296
2003,4,United Kingdom,Mountain Bikes,21681
2003,4,United Kingdom,Road Bikes,35542
2003,5,Australia,Mountain Bikes,94527
2003,5,Australia,Road Bikes,121761
2003,5,Canada,Mountain Bikes,18080
2003,5,Canada,Road Bikes,13173
2003,5,Central,Mountain Bikes,1760
2003,5,France,Mountain Bikes,19687
2003,5,France,Road Bikes,27716
2003,5,Germany,Mountain Bikes,12508
2003,5,Germany,Road Bikes,39344
2003,5,Northeast,Mountain Bikes,1885
2003,5,Northwest,Mountain Bikes,25364
2003,5,Northwest,Road Bikes,22755
2003,5,Southeast,Mountain Bikes,2485
2003,5,Southwest,Mountain Bikes,52587
2003,5,Southwest,Road Bikes,33232
2003,5,United Kingdom,Mountain Bikes,16452
2003,5,United Kingdom,Road Bikes,61817
2003,6,Australia,Mountain Bikes,134479
2003,6,Australia,Road Bikes,115136
2003,6,Canada,Mountain Bikes,3337
2003,6,Canada,Road Bikes,1205
2003,6,France,Mountain Bikes,35692
2003,6,France,Road Bikes,42856
2003,6,Germany,Mountain Bikes,24057
2003,6,Germany,Road Bikes,35743
2003,6,Northwest,Mountain Bikes,24918
2003,6,Northwest,Road Bikes,23892
2003,6,Southwest,Mountain Bikes,70745
2003,6,Southwest,Road Bikes,28417
2003,6,United Kingdom,Mountain Bikes,22210
2003,6,United Kingdom,Road Bikes,36091
2003,7,Australia,Bike Racks,590
2003,7,Australia,Bike Stands,203
2003,7,Australia,Bottles and Cages,490
2003,7,Australia,Caps,100
2003,7,Australia,Cleaners,60
2003,7,Australia,Fenders,384
2003,7,Australia,Gloves,101
2003,7,Australia,Helmets,1040
2003,7,Australia,Hydration Packs,260
2003,7,Australia,Jerseys,627
2003,7,Australia,Mountain Bikes,112115
2003,7,Australia,Road Bikes,80453
2003,7,Australia,Socks,18
2003,7,Australia,Tires and Tubes,1080
2003,7,Australia,Touring Bikes,17734
2003,7,Australia,Vests,287
2003,7,Canada,Bottles and Cages,54
2003,7,Canada,Caps,20
2003,7,Canada,Cleaners,7
2003,7,Canada,Fenders,110
2003,7,Canada,Gloves,44
2003,7,Canada,Helmets,118
2003,7,Canada,Hydration Packs,54
2003,7,Canada,Jerseys,200
2003,7,Canada,Mountain Bikes,15381
2003,7,Canada,Road Bikes,11446
2003,7,Canada,Shorts,129
2003,7,Canada,Tires and Tubes,139
2003,7,Canada,Touring Bikes,8941
2003,7,Canada,Vests,166
2003,7,France,Bike Racks,94
2003,7,France,Bike Stands,181
2003,7,France,Bottles and Cages,152
2003,7,France,Caps,48
2003,7,France,Cleaners,17
2003,7,France,Fenders,44
2003,7,France,Gloves,108
2003,7,France,Helmets,623
2003,7,France,Hydration Packs,155
2003,7,France,Jerseys,448
2003,7,France,Mountain Bikes,27947
2003,7,France,Road Bikes,69436
2003,7,France,Shorts,71
2003,7,France,Tires and Tubes,362
2003,7,France,Touring Bikes,10644
2003,7,Germany,Bike Racks,110
2003,7,Germany,Bottles and Cages,287
2003,7,Germany,Caps,43
2003,7,Germany,Fenders,80
2003,7,Germany,Gloves,56
2003,7,Germany,Helmets,932
2003,7,Germany,Hydration Packs,109
2003,7,Germany,Jerseys,997
2003,7,Germany,Mountain Bikes,27768
2003,7,Germany,Road Bikes,57895
2003,7,Germany,Socks,8
2003,7,Germany,Tires and Tubes,378
2003,7,Germany,Touring Bikes,25053
2003,7,Germany,Vests,193
2003,7,Northwest,Bike Racks,136
2003,7,Northwest,Bottles and Cages,150
2003,7,Northwest,Caps,51
2003,7,Northwest,Cleaners,6
2003,7,Northwest,Fenders,110
2003,7,Northwest,Gloves,26
2003,7,Northwest,Helmets,499
2003,7,Northwest,Hydration Packs,83
2003,7,Northwest,Jerseys,850
2003,7,Northwest,Mountain Bikes,64053
2003,7,Northwest,Road Bikes,27266
2003,7,Northwest,Shorts,143
2003,7,Northwest,Socks,8
2003,7,Northwest,Tires and Tubes,283
2003,7,Northwest,Touring Bikes,17065
2003,7,Northwest,Vests,205
2003,7,Southwest,Bike Racks,261
2003,7,Southwest,Bike Stands,276
2003,7,Southwest,Bottles and Cages,433
2003,7,Southwest,Caps,108
2003,7,Southwest,Cleaners,39
2003,7,Southwest,Fenders,298
2003,7,Southwest,Gloves,122
2003,7,Southwest,Helmets,1115
2003,7,Southwest,Hydration Packs,260
2003,7,Southwest,Jerseys,398
2003,7,Southwest,Mountain Bikes,95227
2003,7,Southwest,Road Bikes,36844
2003,7,Southwest,Socks,6
2003,7,Southwest,Tires and Tubes,698
2003,7,Southwest,Touring Bikes,32666
2003,7,Southwest,Vests,95
2003,7,United Kingdom,Bottles and Cages,161
2003,7,United Kingdom,Caps,116
2003,7,United Kingdom,Cleaners,42
2003,7,United Kingdom,Fenders,52
2003,7,United Kingdom,Gloves,26
2003,7,United Kingdom,Helmets,1045
2003,7,United Kingdom,Hydration Packs,69
2003,7,United Kingdom,Jerseys,665
2003,7,United Kingdom,Mountain Bikes,27550
2003,7,United Kingdom,Road Bikes,62913
2003,7,United Kingdom,Socks,6
2003,7,United Kingdom,Tires and Tubes,605
2003,7,United Kingdom,Touring Bikes,21501
2003,7,United Kingdom,Vests,51
2003,8,Australia,Bike Stands,1402
2003,8,Australia,Bottles and Cages,875
2003,8,Australia,Caps,353
2003,8,Australia,Cleaners,151
2003,8,Australia,Fenders,328
2003,8,Australia,Gloves,499
2003,8,Australia,Helmets,2584
2003,8,Australia,Hydration Packs,364
2003,8,Australia,Jerseys,2250
2003,8,Australia,Mountain Bikes,23949
2003,8,Australia,Road Bikes,99620
2003,8,Australia,Shorts,559
2003,8,Australia,Socks,40
2003,8,Australia,Tires and Tubes,3704
2003,8,Australia,Touring Bikes,41801
2003,8,Australia,Vests,337
2003,8,Canada,Bike Racks,972
2003,8,Canada,Bike Stands,179
2003,8,Canada,Bottles and Cages,965
2003,8,Canada,Caps,146
2003,8,Canada,Cleaners,94
2003,8,Canada,Fenders,886
2003,8,Canada,Gloves,614
2003,8,Canada,Helmets,2212
2003,8,Canada,Hydration Packs,729
2003,8,Canada,Jerseys,2175
2003,8,Canada,Mountain Bikes,31177
2003,8,Canada,Road Bikes,9980
2003,8,Canada,Shorts,1469
2003,8,Canada,Socks,83
2003,8,Canada,Tires and Tubes,2423
2003,8,Canada,Touring Bikes,12762
2003,8,Canada,Vests,287
2003,8,France,Bike Racks,256
2003,8,France,Bike Stands,311
2003,8,France,Bottles and Cages,331
2003,8,France,Caps,185
2003,8,France,Cleaners,52
2003,8,France,Fenders,218
2003,8,France,Gloves,214
2003,8,France,Helmets,1488
2003,8,France,Hydration Packs,194
2003,8,France,Jerseys,1678
2003,8,France,Mountain Bikes,51068
2003,8,France,Road Bikes,19167
2003,8,France,Shorts,678
2003,8,France,Socks,27
2003,8,France,Tires and Tubes,1940
2003,8,France,Touring Bikes,19918
2003,8,France,Vests,299
2003,8,Germany,Bike Racks,189
2003,8,Germany,Bike Stands,403
2003,8,Germany,Bottles and Cages,323
2003,8,Germany,Caps,196
2003,8,Germany,Cleaners,33
2003,8,Germany,Fenders,168
2003,8,Germany,Gloves,152
2003,8,Germany,Helmets,2005
2003,8,Germany,Jerseys,814
2003,8,Germany,Mountain Bikes,32010
2003,8,Germany,Road Bikes,29806
2003,8,Germany,Tires and Tubes,2154
2003,8,Germany,Touring Bikes,26429
2003,8,Germany,Vests,216
2003,8,Northeast,Tires and Tubes,8
2003,8,Northwest,Bike Racks,528
2003,8,Northwest,Bike Stands,330
2003,8,Northwest,Bottles and Cages,717
2003,8,Northwest,Caps,202
2003,8,Northwest,Cleaners,126
2003,8,Northwest,Fenders,603
2003,8,Northwest,Gloves,256
2003,8,Northwest,Helmets,2106
2003,8,Northwest,Hydration Packs,444
2003,8,Northwest,Jerseys,1463
2003,8,Northwest,Mountain Bikes,47008
2003,8,Northwest,Road Bikes,30282
2003,8,Northwest,Shorts,1611
2003,8,Northwest,Socks,108
2003,8,Northwest,Tires and Tubes,2428
2003,8,Northwest,Touring Bikes,14131
2003,8,Northwest,Vests,138
2003,8,Southeast,Bottles and Cages,4
2003,8,Southeast,Tires and Tubes,1
2003,8,Southwest,Bike Racks,522
2003,8,Southwest,Bike Stands,675
2003,8,Southwest,Bottles and Cages,740
2003,8,Southwest,Caps,367
2003,8,Southwest,Cleaners,109
2003,8,Southwest,Fenders,765
2003,8,Southwest,Gloves,505
2003,8,Southwest,Helmets,3873
2003,8,Southwest,Hydration Packs,885
2003,8,Southwest,Jerseys,1950
2003,8,Southwest,Mountain Bikes,83454
2003,8,Southwest,Road Bikes,37035
2003,8,Southwest,Shorts,1174
2003,8,Southwest,Socks,153
2003,8,Southwest,Tires and Tubes,4443
2003,8,Southwest,Touring Bikes,41157
2003,8,Southwest,Vests,559
2003,8,United Kingdom,Bike Racks,242
2003,8,United Kingdom,Bike Stands,241
2003,8,United Kingdom,Bottles and Cages,409
2003,8,United Kingdom,Caps,309
2003,8,United Kingdom,Cleaners,25
2003,8,United Kingdom,Fenders,105
2003,8,United Kingdom,Gloves,220
2003,8,United Kingdom,Helmets,1841
2003,8,United Kingdom,Hydration Packs,70
2003,8,United Kingdom,Jerseys,873
2003,8,United Kingdom,Mountain Bikes,57890
2003,8,United Kingdom,Road Bikes,63425
2003,8,United Kingdom,Shorts,116
2003,8,United Kingdom,Socks,33
2003,8,United Kingdom,Tires and Tubes,1581
2003,8,United Kingdom,Touring Bikes,9897
2003,8,United Kingdom,Vests,121
2003,9,Australia,Bike Racks,98
2003,9,Australia,Bike Stands,715
2003,9,Australia,Bottles and Cages,679
2003,9,Australia,Caps,373
2003,9,Australia,Cleaners,185
2003,9,Australia,Fenders,539
2003,9,Australia,Gloves,863
2003,9,Australia,Helmets,4017
2003,9,Australia,Hydration Packs,758
2003,9,Australia,Jerseys,4148
2003,9,Australia,Mountain Bikes,122866
2003,9,Australia,Road Bikes,172040
2003,9,Australia,Shorts,781
2003,9,Australia,Socks,107
2003,9,Australia,Tires and Tubes,4387
2003,9,Australia,Touring Bikes,39161
2003,9,Australia,Vests,488
2003,9,Canada,Bike Racks,758
2003,9,Canada,Bike Stands,801
2003,9,Canada,Bottles and Cages,468
2003,9,Canada,Caps,124
2003,9,Canada,Cleaners,103
2003,9,Canada,Fenders,463
2003,9,Canada,Gloves,446
2003,9,Canada,Helmets,1675
2003,9,Canada,Hydration Packs,626
2003,9,Canada,Jerseys,1990
2003,9,Canada,Mountain Bikes,25858
2003,9,Canada,Road Bikes,15260
2003,9,Canada,Shorts,863
2003,9,Canada,Socks,115
2003,9,Canada,Tires and Tubes,2937
2003,9,Canada,Touring Bikes,13461
2003,9,Canada,Vests,229
2003,9,France,Bike Racks,140
2003,9,France,Bike Stands,124
2003,9,France,Bottles and Cages,476
2003,9,France,Caps,124
2003,9,France,Cleaners,7
2003,9,France,Fenders,125
2003,9,France,Gloves,347
2003,9,France,Helmets,1739
2003,9,France,Hydration Packs,236
2003,9,France,Jerseys,1621
2003,9,France,Mountain Bikes,41797
2003,9,France,Road Bikes,25810
2003,9,France,Shorts,596
2003,9,France,Socks,16
2003,9,France,Tires and Tubes,2259
2003,9,France,Touring Bikes,29322
2003,9,France,Vests,60
2003,9,Germany,Bike Racks,513
2003,9,Germany,Bike Stands,356
2003,9,Germany,Bottles and Cages,340
2003,9,Germany,Caps,114
2003,9,Germany,Cleaners,19
2003,9,Germany,Fenders,257
2003,9,Germany,Gloves,88
2003,9,Germany,Helmets,1785
2003,9,Germany,Hydration Packs,44
2003,9,Germany,Jerseys,1019
2003,9,Germany,Mountain Bikes,43561
2003,9,Germany,Road Bikes,35170
2003,9,Germany,Shorts,158
2003,9,Germany,Socks,9
2003,9,Germany,Tires and Tubes,1170
2003,9,Germany,Touring Bikes,22657
2003,9,Germany,Vests,197
2003,9,Northwest,Bike Racks,1382
2003,9,Northwest,Bike Stands,362
2003,9,Northwest,Bottles and Cages,706
2003,9,Northwest,Caps,170
2003,9,Northwest,Cleaners,108
2003,9,Northwest,Fenders,687
2003,9,Northwest,Gloves,413
2003,9,Northwest,Helmets,2997
2003,9,Northwest,Hydration Packs,501
2003,9,Northwest,Jerseys,1421
2003,9,Northwest,Mountain Bikes,26019
2003,9,Northwest,Road Bikes,25796
2003,9,Northwest,Shorts,1615
2003,9,Northwest,Socks,111
2003,9,Northwest,Tires and Tubes,3225
2003,9,Northwest,Touring Bikes,13906
2003,9,Northwest,Vests,308
2003,9,Southwest,Bike Racks,576
2003,9,Southwest,Bike Stands,208
2003,9,Southwest,Bottles and Cages,661
2003,9,Southwest,Caps,251
2003,9,Southwest,Cleaners,142
2003,9,Southwest,Fenders,762
2003,9,Southwest,Gloves,451
2003,9,Southwest,Helmets,2527
2003,9,Southwest,Hydration Packs,656
2003,9,Southwest,Jerseys,2032
2003,9,Southwest,Mountain Bikes,84094
2003,9,Southwest,Road Bikes,41086
2003,9,Southwest,Shorts,2798
2003,9,Southwest,Socks,58
2003,9,Southwest,Tires and Tubes,3911
2003,9,Southwest,Touring Bikes,26476
2003,9,Southwest,Vests,403
2003,9,United Kingdom,Bike Racks,427
2003,9,United Kingdom,Bike Stands,376
2003,9,United Kingdom,Bottles and Cages,348
2003,9,United Kingdom,Caps,230
2003,9,United Kingdom,Cleaners,39
2003,9,United Kingdom,Fenders,71
2003,9,United Kingdom,Gloves,220
2003,9,United Kingdom,Helmets,1973
2003,9,United Kingdom,Hydration Packs,142
2003,9,United Kingdom,Jerseys,948
2003,9,United Kingdom,Mountain Bikes,40539
2003,9,United Kingdom,Road Bikes,39946
2003,9,United Kingdom,Shorts,547
2003,9,United Kingdom,Socks,49
2003,9,United Kingdom,Tires and Tubes,3060
2003,9,United Kingdom,Touring Bikes,33454
2003,9,United Kingdom,Vests,254
2003,10,Australia,Bike Racks,494
2003,10,Australia,Bike Stands,636
2003,10,Australia,Bottles and Cages,803
2003,10,Australia,Caps,260
2003,10,Australia,Cleaners,162
2003,10,Australia,Fenders,751
2003,10,Australia,Gloves,682
2003,10,Australia,Helmets,4040
2003,10,Australia,Hydration Packs,967
2003,10,Australia,Jerseys,2562
2003,10,Australia,Mountain Bikes,131954
2003,10,Australia,Road Bikes,127705
2003,10,Australia,Shorts,707
2003,10,Australia,Socks,96
2003,10,Australia,Tires and Tubes,2896
2003,10,Australia,Touring Bikes,86711
2003,10,Australia,Vests,588
2003,10,Canada,Bike Stands,197
2003,10,Canada,Bottles and Cages,432
2003,10,Canada,Caps,81
2003,10,Canada,Cleaners,90
2003,10,Canada,Fenders,444
2003,10,Canada,Gloves,406
2003,10,Canada,Helmets,2556
2003,10,Canada,Hydration Packs,614
2003,10,Canada,Jerseys,1279
2003,10,Canada,Mountain Bikes,20383
2003,10,Canada,Road Bikes,11363
2003,10,Canada,Shorts,2043
2003,10,Canada,Socks,55
2003,10,Canada,Tires and Tubes,2431
2003,10,Canada,Touring Bikes,9289
2003,10,Canada,Vests,124
2003,10,Central,Bottles and Cages,11
2003,10,Central,Jerseys,42
2003,10,Central,Road Bikes,463
2003,10,France,Bike Racks,240
2003,10,France,Bike Stands,391
2003,10,France,Bottles and Cages,225
2003,10,France,Caps,109
2003,10,France,Cleaners,13
2003,10,France,Fenders,158
2003,10,France,Gloves,147
2003,10,France,Helmets,1554
2003,10,France,Hydration Packs,403
2003,10,France,Jerseys,856
2003,10,France,Mountain Bikes,24641
2003,10,France,Road Bikes,25016
2003,10,France,Shorts,359
2003,10,France,Socks,26
2003,10,France,Tires and Tubes,1875
2003,10,France,Touring Bikes,18085
2003,10,France,Vests,193
2003,10,Germany,Bike Racks,121
2003,10,Germany,Bike Stands,419
2003,10,Germany,Bottles and Cages,617
2003,10,Germany,Caps,161
2003,10,Germany,Cleaners,39
2003,10,Germany,Fenders,233
2003,10,Germany,Gloves,378
2003,10,Germany,Helmets,1075
2003,10,Germany,Hydration Packs,219
2003,10,Germany,Jerseys,969
2003,10,Germany,Mountain Bikes,51123
2003,10,Germany,Road Bikes,39633
2003,10,Germany,Socks,43
2003,10,Germany,Tires and Tubes,1475
2003,10,Germany,Touring Bikes,26517
2003,10,Germany,Vests,144
2003,10,Northwest,Bike Racks,408
2003,10,Northwest,Bike Stands,814
2003,10,Northwest,Bottles and Cages,683
2003,10,Northwest,Caps,163
2003,10,Northwest,Cleaners,95
2003,10,Northwest,Fenders,870
2003,10,Northwest,Gloves,327
2003,10,Northwest,Helmets,2057
2003,10,Northwest,Hydration Packs,203
2003,10,Northwest,Jerseys,1595
2003,10,Northwest,Mountain Bikes,48287
2003,10,Northwest,Road Bikes,34310
2003,10,Northwest,Shorts,1485
2003,10,Northwest,Socks,71
2003,10,Northwest,Tires and Tubes,3344
2003,10,Northwest,Touring Bikes,22666
2003,10,Northwest,Vests,479
2003,10,Southeast,Bottles and Cages,4
2003,10,Southeast,Gloves,24
2003,10,Southwest,Bike Racks,576
2003,10,Southwest,Bike Stands,1640
2003,10,Southwest,Bottles and Cages,979
2003,10,Southwest,Caps,301
2003,10,Southwest,Cleaners,111
2003,10,Southwest,Fenders,1256
2003,10,Southwest,Gloves,490
2003,10,Southwest,Helmets,3223
2003,10,Southwest,Hydration Packs,771
2003,10,Southwest,Jerseys,2567
2003,10,Southwest,Mountain Bikes,80456
2003,10,Southwest,Road Bikes,58979
2003,10,Southwest,Shorts,1427
2003,10,Southwest,Socks,116
2003,10,Southwest,Tires and Tubes,3649
2003,10,Southwest,Touring Bikes,58133
2003,10,Southwest,Vests,601
2003,10,United Kingdom,Bike Racks,369
2003,10,United Kingdom,Bike Stands,559
2003,10,United Kingdom,Bottles and Cages,630
2003,10,United Kingdom,Caps,358
2003,10,United Kingdom,Cleaners,60
2003,10,United Kingdom,Fenders,359
2003,10,United Kingdom,Gloves,386
2003,10,United Kingdom,Helmets,1981
2003,10,United Kingdom,Hydration Packs,164
2003,10,United Kingdom,Jerseys,1825
2003,10,United Kingdom,Mountain Bikes,82998
2003,10,United Kingdom,Road Bikes,49367
2003,10,United Kingdom,Shorts,306
2003,10,United Kingdom,Socks,22
2003,10,United Kingdom,Tires and Tubes,2539
2003,10,United Kingdom,Touring Bikes,44259
2003,10,United Kingdom,Vests,330
2003,11,Australia,Bike Racks,432
2003,11,Australia,Bike Stands,1113
2003,11,Australia,Bottles and Cages,1079
2003,11,Australia,Caps,295
2003,11,Australia,Cleaners,79
2003,11,Australia,Fenders,463
2003,11,Australia,Gloves,621
2003,11,Australia,Helmets,2478
2003,11,Australia,Hydration Packs,1188
2003,11,Australia,Jerseys,3195
2003,11,Australia,Mountain Bikes,100209
2003,11,Australia,Road Bikes,157438
2003,11,Australia,Shorts,881
2003,11,Australia,Socks,68
2003,11,Australia,Tires and Tubes,3304
2003,11,Australia,Touring Bikes,71141
2003,11,Australia,Vests,453
2003,11,Canada,Bike Racks,504
2003,11,Canada,Bike Stands,311
2003,11,Canada,Bottles and Cages,457
2003,11,Canada,Caps,180
2003,11,Canada,Cleaners,113
2003,11,Canada,Fenders,867
2003,11,Canada,Gloves,471
2003,11,Canada,Helmets,2124
2003,11,Canada,Hydration Packs,164
2003,11,Canada,Jerseys,1283
2003,11,Canada,Mountain Bikes,39475
2003,11,Canada,Road Bikes,22920
2003,11,Canada,Shorts,1107
2003,11,Canada,Socks,92
2003,11,Canada,Tires and Tubes,4824
2003,11,Canada,Touring Bikes,18331
2003,11,Canada,Vests,685
2003,11,Central,Fenders,21
2003,11,Central,Gloves,23
2003,11,Central,Helmets,26
2003,11,France,Bike Racks,130
2003,11,France,Bike Stands,160
2003,11,France,Bottles and Cages,282
2003,11,France,Caps,185
2003,11,France,Cleaners,15
2003,11,France,Fenders,88
2003,11,France,Gloves,244
2003,11,France,Helmets,1101
2003,11,France,Hydration Packs,183
2003,11,France,Jerseys,1066
2003,11,France,Mountain Bikes,55592
2003,11,France,Road Bikes,28251
2003,11,France,Shorts,469
2003,11,France,Socks,9
2003,11,France,Tires and Tubes,1480
2003,11,France,Touring Bikes,24579
2003,11,France,Vests,323
2003,11,Germany,Bike Stands,141
2003,11,Germany,Bottles and Cages,340
2003,11,Germany,Caps,157
2003,11,Germany,Cleaners,21
2003,11,Germany,Fenders,189
2003,11,Germany,Gloves,160
2003,11,Germany,Helmets,1715
2003,11,Germany,Hydration Packs,177
2003,11,Germany,Jerseys,984
2003,11,Germany,Mountain Bikes,32036
2003,11,Germany,Road Bikes,31910
2003,11,Germany,Socks,30
2003,11,Germany,Tires and Tubes,1586
2003,11,Germany,Touring Bikes,26243
2003,11,Germany,Vests,61
2003,11,Northeast,Helmets,27
2003,11,Northeast,Road Bikes,1564
2003,11,Northwest,Bike Racks,1016
2003,11,Northwest,Bike Stands,381
2003,11,Northwest,Bottles and Cages,694
2003,11,Northwest,Caps,164
2003,11,Northwest,Cleaners,91
2003,11,Northwest,Fenders,674
2003,11,Northwest,Gloves,688
2003,11,Northwest,Helmets,3330
2003,11,Northwest,Hydration Packs,173
2003,11,Northwest,Jerseys,2309
2003,11,Northwest,Mountain Bikes,75236
2003,11,Northwest,Road Bikes,35261
2003,11,Northwest,Shorts,933
2003,11,Northwest,Socks,64
2003,11,Northwest,Tires and Tubes,2902
2003,11,Northwest,Touring Bikes,24022
2003,11,Northwest,Vests,501
2003,11,Southeast,Bike Racks,98
2003,11,Southeast,Tires and Tubes,1
2003,11,Southwest,Bike Racks,456
2003,11,Southwest,Bike Stands,1039
2003,11,Southwest,Bottles and Cages,717
2003,11,Southwest,Caps,300
2003,11,Southwest,Cleaners,129
2003,11,Southwest,Fenders,843
2003,11,Southwest,Gloves,410
2003,11,Southwest,Helmets,4446
2003,11,Southwest,Hydration Packs,616
2003,11,Southwest,Jerseys,2080
2003,11,Southwest,Mountain Bikes,85227
2003,11,Southwest,Road Bikes,66677
2003,11,Southwest,Shorts,1485
2003,11,Southwest,Socks,82
2003,11,Southwest,Tires and Tubes,5204
2003,11,Southwest,Touring Bikes,66432
2003,11,Southwest,Vests,651
2003,11,United Kingdom,Bike Racks,204
2003,11,United Kingdom,Bike Stands,386
2003,11,United Kingdom,Bottles and Cages,411
2003,11,United Kingdom,Caps,221
2003,11,United Kingdom,Cleaners,35
2003,11,United Kingdom,Fenders,273
2003,11,United Kingdom,Gloves,219
2003,11,United Kingdom,Helmets,1754
2003,11,United Kingdom,Hydration Packs,221
2003,11,United Kingdom,Jerseys,1806
2003,11,United Kingdom,Mountain Bikes,70487
2003,11,United Kingdom,Road Bikes,55562
2003,11,United Kingdom,Shorts,328
2003,11,United Kingdom,Socks,64
2003,11,United Kingdom,Tires and Tubes,2242
2003,11,United Kingdom,Touring Bikes,55634
2003,11,United Kingdom,Vests,78
2003,12,Australia,Bike Racks,460
2003,12,Australia,Bike Stands,1132
2003,12,Australia,Bottles and Cages,1013
2003,12,Australia,Caps,421
2003,12,Australia,Cleaners,157
2003,12,Australia,Fenders,582
2003,12,Australia,Gloves,511
2003,12,Australia,Helmets,5068
2003,12,Australia,Hydration Packs,419
2003,12,Australia,Jerseys,4062
2003,12,Australia,Mountain Bikes,18689
2003,12,Australia,Road Bikes,191792
2003,12,Australia,Shorts,1209
2003,12,Australia,Socks,149
2003,12,Australia,Tires and Tubes,3080
2003,12,Australia,Touring Bikes,143930
2003,12,Australia,Vests,441
2003,12,Canada,Bike Racks,320
2003,12,Canada,Bike Stands,305
2003,12,Canada,Bottles and Cages,840
2003,12,Canada,Caps,230
2003,12,Canada,Cleaners,89
2003,12,Canada,Fenders,873
2003,12,Canada,Gloves,385
2003,12,Canada,Helmets,3205
2003,12,Canada,Hydration Packs,554
2003,12,Canada,Jerseys,1389
2003,12,Canada,Mountain Bikes,60591
2003,12,Canada,Road Bikes,35449
2003,12,Canada,Shorts,982
2003,12,Canada,Socks,41
2003,12,Canada,Tires and Tubes,3054
2003,12,Canada,Touring Bikes,28974
2003,12,Canada,Vests,579
2003,12,Central,Tires and Tubes,7
2003,12,France,Bike Racks,446
2003,12,France,Bike Stands,337
2003,12,France,Bottles and Cages,584
2003,12,France,Caps,286
2003,12,France,Cleaners,42
2003,12,France,Fenders,171
2003,12,France,Gloves,175
2003,12,France,Helmets,2694
2003,12,France,Hydration Packs,332
2003,12,France,Jerseys,2578
2003,12,France,Mountain Bikes,91237
2003,12,France,Road Bikes,53870
2003,12,France,Shorts,425
2003,12,France,Socks,7
2003,12,France,Tires and Tubes,1940
2003,12,France,Touring Bikes,45942
2003,12,France,Vests,304
2003,12,Germany,Bike Racks,93
2003,12,Germany,Bike Stands,203
2003,12,Germany,Bottles and Cages,617
2003,12,Germany,Caps,197
2003,12,Germany,Cleaners,58
2003,12,Germany,Fenders,339
2003,12,Germany,Gloves,349
2003,12,Germany,Helmets,2846
2003,12,Germany,Hydration Packs,177
2003,12,Germany,Jerseys,1360
2003,12,Germany,Mountain Bikes,72447
2003,12,Germany,Road Bikes,51157
2003,12,Germany,Socks,30
2003,12,Germany,Tires and Tubes,2149
2003,12,Germany,Touring Bikes,34632
2003,12,Germany,Vests,133
2003,12,Northeast,Gloves,20
2003,12,Northeast,Helmets,62
2003,12,Northeast,Tires and Tubes,101
2003,12,Northwest,Bike Racks,1122
2003,12,Northwest,Bike Stands,1009
2003,12,Northwest,Bottles and Cages,823
2003,12,Northwest,Caps,312
2003,12,Northwest,Cleaners,140
2003,12,Northwest,Fenders,775
2003,12,Northwest,Gloves,437
2003,12,Northwest,Helmets,3892
2003,12,Northwest,Hydration Packs,622
2003,12,Northwest,Jerseys,2475
2003,12,Northwest,Mountain Bikes,102573
2003,12,Northwest,Road Bikes,71705
2003,12,Northwest,Shorts,1320
2003,12,Northwest,Socks,92
2003,12,Northwest,Tires and Tubes,4509
2003,12,Northwest,Touring Bikes,64815
2003,12,Northwest,Vests,390
2003,12,Southwest,Bike Racks,442
2003,12,Southwest,Bike Stands,1240
2003,12,Southwest,Bottles and Cages,1587
2003,12,Southwest,Caps,308
2003,12,Southwest,Cleaners,138
2003,12,Southwest,Fenders,833
2003,12,Southwest,Gloves,1032
2003,12,Southwest,Helmets,4310
2003,12,Southwest,Hydration Packs,966
2003,12,Southwest,Jerseys,3498
2003,12,Southwest,Mountain Bikes,154004
2003,12,Southwest,Road Bikes,65717
2003,12,Southwest,Shorts,2597
2003,12,Southwest,Socks,150
2003,12,Southwest,Tires and Tubes,5353
2003,12,Southwest,Touring Bikes,85371
2003,12,Southwest,Vests,558
2003,12,United Kingdom,Bike Racks,93
2003,12,United Kingdom,Bike Stands,308
2003,12,United Kingdom,Bottles and Cages,932
2003,12,United Kingdom,Caps,310
2003,12,United Kingdom,Cleaners,63
2003,12,United Kingdom,Fenders,323
2003,12,United Kingdom,Gloves,206
2003,12,United Kingdom,Helmets,3372
2003,12,United Kingdom,Hydration Packs,368
2003,12,United Kingdom,Jerseys,2726
2003,12,United Kingdom,Mountain Bikes,119830
2003,12,United Kingdom,Road Bikes,76283
2003,12,United Kingdom,Shorts,373
2003,12,United Kingdom,Socks,57
2003,12,United Kingdom,Tires and Tubes,1897
2003,12,United Kingdom,Touring Bikes,41793
2003,12,United Kingdom,Vests,246
2004,1,Australia,Bike Racks,564
2004,1,Australia,Bike Stands,381
2004,1,Australia,Bottles and Cages,815
2004,1,Australia,Caps,437
2004,1,Australia,Cleaners,160
2004,1,Australia,Fenders,566
2004,1,Australia,Gloves,642
2004,1,Australia,Helmets,4529
2004,1,Australia,Hydration Packs,849
2004,1,Australia,Jerseys,3311
2004,1,Australia,Mountain Bikes,123785
2004,1,Australia,Road Bikes,191321
2004,1,Australia,Shorts,1145
2004,1,Australia,Socks,87
2004,1,Australia,Tires and Tubes,4983
2004,1,Australia,Touring Bikes,66365
2004,1,Australia,Vests,627
2004,1,Canada,Bike Racks,600
2004,1,Canada,Bike Stands,620
2004,1,Canada,Bottles and Cages,563
2004,1,Canada,Caps,243
2004,1,Canada,Cleaners,97
2004,1,Canada,Fenders,709
2004,1,Canada,Gloves,698
2004,1,Canada,Helmets,2920
2004,1,Canada,Hydration Packs,332
2004,1,Canada,Jerseys,2906
2004,1,Canada,Mountain Bikes,51544
2004,1,Canada,Road Bikes,22430
2004,1,Canada,Shorts,1077
2004,1,Canada,Socks,107
2004,1,Canada,Tires and Tubes,3796
2004,1,Canada,Touring Bikes,30971
2004,1,Canada,Vests,656
2004,1,France,Bike Racks,141
2004,1,France,Bike Stands,189
2004,1,France,Bottles and Cages,344
2004,1,France,Caps,121
2004,1,France,Cleaners,45
2004,1,France,Fenders,204
2004,1,France,Gloves,224
2004,1,France,Helmets,1292
2004,1,France,Hydration Packs,168
2004,1,France,Jerseys,1375
2004,1,France,Mountain Bikes,53490
2004,1,France,Road Bikes,28310
2004,1,France,Shorts,345
2004,1,France,Socks,7
2004,1,France,Tires and Tubes,2295
2004,1,France,Touring Bikes,26116
2004,1,France,Vests,264
2004,1,Germany,Bike Racks,120
2004,1,Germany,Bike Stands,273
2004,1,Germany,Bottles and Cages,390
2004,1,Germany,Caps,202
2004,1,Germany,Cleaners,37
2004,1,Germany,Fenders,250
2004,1,Germany,Gloves,204
2004,1,Germany,Helmets,1567
2004,1,Germany,Hydration Packs,391
2004,1,Germany,Jerseys,1616
2004,1,Germany,Mountain Bikes,48768
2004,1,Germany,Road Bikes,55748
2004,1,Germany,Socks,10
2004,1,Germany,Tires and Tubes,2421
2004,1,Germany,Touring Bikes,40148
2004,1,Germany,Vests,377
2004,1,Northwest,Bike Racks,98
2004,1,Northwest,Bike Stands,381
2004,1,Northwest,Bottles and Cages,1011
2004,1,Northwest,Caps,170
2004,1,Northwest,Cleaners,172
2004,1,Northwest,Fenders,1062
2004,1,Northwest,Gloves,260
2004,1,Northwest,Helmets,2015
2004,1,Northwest,Hydration Packs,810
2004,1,Northwest,Jerseys,2458
2004,1,Northwest,Mountain Bikes,121399
2004,1,Northwest,Road Bikes,28175
2004,1,Northwest,Shorts,786
2004,1,Northwest,Socks,81
2004,1,Northwest,Tires and Tubes,2982
2004,1,Northwest,Touring Bikes,41836
2004,1,Northwest,Vests,633
2004,1,Southwest,Bike Racks,576
2004,1,Southwest,Bike Stands,585
2004,1,Southwest,Bottles and Cages,1151
2004,1,Southwest,Caps,248
2004,1,Southwest,Cleaners,153
2004,1,Southwest,Fenders,922
2004,1,Southwest,Gloves,786
2004,1,Southwest,Helmets,3279
2004,1,Southwest,Hydration Packs,755
2004,1,Southwest,Jerseys,3131
2004,1,Southwest,Mountain Bikes,76493
2004,1,Southwest,Road Bikes,60794
2004,1,Southwest,Shorts,1119
2004,1,Southwest,Socks,137
2004,1,Southwest,Tires and Tubes,5612
2004,1,Southwest,Touring Bikes,48052
2004,1,Southwest,Vests,614
2004,1,United Kingdom,Bike Racks,144
2004,1,United Kingdom,Bike Stands,125
2004,1,United Kingdom,Bottles and Cages,647
2004,1,United Kingdom,Caps,258
2004,1,United Kingdom,Cleaners,28
2004,1,United Kingdom,Fenders,334
2004,1,United Kingdom,Gloves,215
2004,1,United Kingdom,Helmets,2086
2004,1,United Kingdom,Hydration Packs,441
2004,1,United Kingdom,Jerseys,2133
2004,1,United Kingdom,Mountain Bikes,48680
2004,1,United Kingdom,Road Bikes,54192
2004,1,United Kingdom,Shorts,419
2004,1,United Kingdom,Socks,38
2004,1,United Kingdom,Tires and Tubes,1838
2004,1,United Kingdom,Touring Bikes,45564
2004,1,United Kingdom,Vests,130
2004,2,Australia,Bike Racks,494
2004,2,Australia,Bike Stands,782
2004,2,Australia,Bottles and Cages,1100
2004,2,Australia,Caps,523
2004,2,Australia,Cleaners,142
2004,2,Australia,Fenders,396
2004,2,Australia,Gloves,757
2004,2,Australia,Helmets,5325
2004,2,Australia,Hydration Packs,703
2004,2,Australia,Jerseys,2866
2004,2,Australia,Mountain Bikes,131176
2004,2,Australia,Road Bikes,160783
2004,2,Australia,Shorts,360
2004,2,Australia,Socks,81
2004,2,Australia,Tires and Tubes,3976
2004,2,Australia,Touring Bikes,99639
2004,2,Australia,Vests,609
2004,2,Canada,Bike Racks,374
2004,2,Canada,Bike Stands,605
2004,2,Canada,Bottles and Cages,722
2004,2,Canada,Caps,193
2004,2,Canada,Cleaners,72
2004,2,Canada,Fenders,885
2004,2,Canada,Gloves,632
2004,2,Canada,Helmets,1528
2004,2,Canada,Hydration Packs,731
2004,2,Canada,Jerseys,2273
2004,2,Canada,Mountain Bikes,57086
2004,2,Canada,Road Bikes,8074
2004,2,Canada,Shorts,1355
2004,2,Canada,Socks,43
2004,2,Canada,Tires and Tubes,3315
2004,2,Canada,Touring Bikes,23762
2004,2,Canada,Vests,327
2004,2,Central,Jerseys,53
2004,2,Central,Tires and Tubes,18
2004,2,France,Bike Stands,298
2004,2,France,Bottles and Cages,487
2004,2,France,Caps,236
2004,2,France,Cleaners,49
2004,2,France,Fenders,228
2004,2,France,Gloves,164
2004,2,France,Helmets,1724
2004,2,France,Hydration Packs,404
2004,2,France,Jerseys,1606
2004,2,France,Mountain Bikes,82061
2004,2,France,Road Bikes,65923
2004,2,France,Shorts,177
2004,2,France,Socks,37
2004,2,France,Tires and Tubes,2926
2004,2,France,Touring Bikes,24841
2004,2,France,Vests,314
2004,2,Germany,Bike Racks,552
2004,2,Germany,Bike Stands,359
2004,2,Germany,Bottles and Cages,376
2004,2,Germany,Caps,207
2004,2,Germany,Cleaners,40
2004,2,Germany,Fenders,276
2004,2,Germany,Gloves,198
2004,2,Germany,Helmets,1808
2004,2,Germany,Hydration Packs,131
2004,2,Germany,Jerseys,1537
2004,2,Germany,Mountain Bikes,79831
2004,2,Germany,Road Bikes,23260
2004,2,Germany,Shorts,77
2004,2,Germany,Socks,13
2004,2,Germany,Tires and Tubes,1612
2004,2,Germany,Touring Bikes,34316
2004,2,Germany,Vests,73
2004,2,Northeast,Helmets,37
2004,2,Northeast,Vests,78
2004,2,Northwest,Bike Racks,928
2004,2,Northwest,Bike Stands,365
2004,2,Northwest,Bottles and Cages,957
2004,2,Northwest,Caps,244
2004,2,Northwest,Cleaners,144
2004,2,Northwest,Fenders,863
2004,2,Northwest,Gloves,420
2004,2,Northwest,Helmets,2836
2004,2,Northwest,Hydration Packs,495
2004,2,Northwest,Jerseys,1907
2004,2,Northwest,Mountain Bikes,77493
2004,2,Northwest,Road Bikes,30522
2004,2,Northwest,Shorts,1800
2004,2,Northwest,Socks,32
2004,2,Northwest,Tires and Tubes,3285
2004,2,Northwest,Touring Bikes,48155
2004,2,Northwest,Vests,488
2004,2,Southeast,Bottles and Cages,17
2004,2,Southeast,Jerseys,41
2004,2,Southeast,Mountain Bikes,2713
2004,2,Southeast,Tires and Tubes,27
2004,2,Southeast,Vests,82
2004,2,Southwest,Bike Racks,1016
2004,2,Southwest,Bike Stands,267
2004,2,Southwest,Bottles and Cages,988
2004,2,Southwest,Caps,415
2004,2,Southwest,Cleaners,146
2004,2,Southwest,Fenders,1081
2004,2,Southwest,Gloves,990
2004,2,Southwest,Helmets,4138
2004,2,Southwest,Hydration Packs,728
2004,2,Southwest,Jerseys,2036
2004,2,Southwest,Mountain Bikes,128101
2004,2,Southwest,Road Bikes,93940
2004,2,Southwest,Shorts,1292
2004,2,Southwest,Socks,138
2004,2,Southwest,Tires and Tubes,5236
2004,2,Southwest,Touring Bikes,112895
2004,2,Southwest,Vests,1122
2004,2,United Kingdom,Bike Stands,349
2004,2,United Kingdom,Bottles and Cages,540
2004,2,United Kingdom,Caps,293
2004,2,United Kingdom,Cleaners,66
2004,2,United Kingdom,Fenders,141
2004,2,United Kingdom,Gloves,128
2004,2,United Kingdom,Helmets,3030
2004,2,United Kingdom,Hydration Packs,358
2004,2,United Kingdom,Jerseys,1206
2004,2,United Kingdom,Mountain Bikes,88563
2004,2,United Kingdom,Road Bikes,49731
2004,2,United Kingdom,Shorts,245
2004,2,United Kingdom,Socks,41
2004,2,United Kingdom,Tires and Tubes,2529
2004,2,United Kingdom,Touring Bikes,63378
2004,2,United Kingdom,Vests,377
2004,3,Australia,Bike Racks,873
2004,3,Australia,Bike Stands,1001
2004,3,Australia,Bottles and Cages,807
2004,3,Australia,Caps,404
2004,3,Australia,Cleaners,90
2004,3,Australia,Fenders,600
2004,3,Australia,Gloves,534
2004,3,Australia,Helmets,3893
2004,3,Australia,Hydration Packs,955
2004,3,Australia,Jerseys,4995
2004,3,Australia,Mountain Bikes,122480
2004,3,Australia,Road Bikes,177566
2004,3,Australia,Shorts,1818
2004,3,Australia,Socks,35
2004,3,Australia,Tires and Tubes,4634
2004,3,Australia,Touring Bikes,105343
2004,3,Australia,Vests,544
2004,3,Canada,Bike Racks,624
2004,3,Canada,Bike Stands,500
2004,3,Canada,Bottles and Cages,731
2004,3,Canada,Caps,192
2004,3,Canada,Cleaners,127
2004,3,Canada,Fenders,606
2004,3,Canada,Gloves,520
2004,3,Canada,Helmets,2283
2004,3,Canada,Hydration Packs,390
2004,3,Canada,Jerseys,2590
2004,3,Canada,Mountain Bikes,34125
2004,3,Canada,Road Bikes,16959
2004,3,Canada,Shorts,799
2004,3,Canada,Socks,53
2004,3,Canada,Tires and Tubes,3237
2004,3,Canada,Touring Bikes,27360
2004,3,Canada,Vests,853
2004,3,France,Bike Racks,600
2004,3,France,Bike Stands,181
2004,3,France,Bottles and Cages,394
2004,3,France,Caps,215
2004,3,France,Cleaners,8
2004,3,France,Fenders,141
2004,3,France,Gloves,38
2004,3,France,Helmets,2434
2004,3,France,Hydration Packs,401
2004,3,France,Jerseys,862
2004,3,France,Mountain Bikes,47063
2004,3,France,Road Bikes,38694
2004,3,France,Shorts,51
2004,3,France,Socks,27
2004,3,France,Tires and Tubes,2702
2004,3,France,Touring Bikes,24053
2004,3,France,Vests,506
2004,3,Germany,Bottles and Cages,602
2004,3,Germany,Caps,225
2004,3,Germany,Cleaners,72
2004,3,Germany,Fenders,233
2004,3,Germany,Gloves,100
2004,3,Germany,Helmets,1692
2004,3,Germany,Hydration Packs,147
2004,3,Germany,Jerseys,1436
2004,3,Germany,Mountain Bikes,77040
2004,3,Germany,Road Bikes,39739
2004,3,Germany,Shorts,55
2004,3,Germany,Socks,8
2004,3,Germany,Tires and Tubes,1077
2004,3,Germany,Touring Bikes,39727
2004,3,Germany,Vests,323
2004,3,Northwest,Bike Racks,597
2004,3,Northwest,Bike Stands,782
2004,3,Northwest,Bottles and Cages,810
2004,3,Northwest,Caps,177
2004,3,Northwest,Cleaners,54
2004,3,Northwest,Fenders,869
2004,3,Northwest,Gloves,358
2004,3,Northwest,Helmets,2401
2004,3,Northwest,Hydration Packs,559
2004,3,Northwest,Jerseys,2169
2004,3,Northwest,Mountain Bikes,57884
2004,3,Northwest,Road Bikes,54382
2004,3,Northwest,Shorts,1836
2004,3,Northwest,Socks,47
2004,3,Northwest,Tires and Tubes,3460
2004,3,Northwest,Touring Bikes,44352
2004,3,Northwest,Vests,472
2004,3,Southwest,Bike Racks,739
2004,3,Southwest,Bottles and Cages,1481
2004,3,Southwest,Caps,228
2004,3,Southwest,Cleaners,79
2004,3,Southwest,Fenders,1449
2004,3,Southwest,Gloves,609
2004,3,Southwest,Helmets,2967
2004,3,Southwest,Hydration Packs,1497
2004,3,Southwest,Jerseys,2589
2004,3,Southwest,Mountain Bikes,120030
2004,3,Southwest,Road Bikes,100025
2004,3,Southwest,Shorts,1504
2004,3,Southwest,Socks,141
2004,3,Southwest,Tires and Tubes,3898
2004,3,Southwest,Touring Bikes,101758
2004,3,Southwest,Vests,702
2004,3,United Kingdom,Bike Racks,302
2004,3,United Kingdom,Bike Stands,260
2004,3,United Kingdom,Bottles and Cages,638
2004,3,United Kingdom,Caps,336
2004,3,United Kingdom,Cleaners,82
2004,3,United Kingdom,Fenders,190
2004,3,United Kingdom,Gloves,298
2004,3,United Kingdom,Helmets,2592
2004,3,United Kingdom,Hydration Packs,263
2004,3,United Kingdom,Jerseys,1470
2004,3,United Kingdom,Mountain Bikes,98723
2004,3,United Kingdom,Road Bikes,41480
2004,3,United Kingdom,Shorts,190
2004,3,United Kingdom,Socks,38
2004,3,United Kingdom,Tires and Tubes,2109
2004,3,United Kingdom,Touring Bikes,49122
2004,3,United Kingdom,Vests,216
2004,4,Australia,Bike Racks,393
2004,4,Australia,Bike Stands,661
2004,4,Australia,Bottles and Cages,1574
2004,4,Australia,Caps,217
2004,4,Australia,Cleaners,118
2004,4,Australia,Fenders,674
2004,4,Australia,Gloves,869
2004,4,Australia,Helmets,3520
2004,4,Australia,Hydration Packs,947
2004,4,Australia,Jerseys,3333
2004,4,Australia,Mountain Bikes,138905
2004,4,Australia,Road Bikes,158686
2004,4,Australia,Shorts,933
2004,4,Australia,Socks,103
2004,4,Australia,Tires and Tubes,3605
2004,4,Australia,Touring Bikes,145057
2004,4,Australia,Vests,861
2004,4,Canada,Bike Racks,484
2004,4,Canada,Bike Stands,985
2004,4,Canada,Bottles and Cages,664
2004,4,Canada,Caps,208
2004,4,Canada,Cleaners,107
2004,4,Canada,Fenders,664
2004,4,Canada,Gloves,479
2004,4,Canada,Helmets,2558
2004,4,Canada,Hydration Packs,276
2004,4,Canada,Jerseys,1656
2004,4,Canada,Mountain Bikes,36100
2004,4,Canada,Road Bikes,23139
2004,4,Canada,Shorts,1544
2004,4,Canada,Socks,44
2004,4,Canada,Tires and Tubes,3561
2004,4,Canada,Touring Bikes,40232
2004,4,Canada,Vests,812
2004,4,France,Bike Racks,104
2004,4,France,Bike Stands,699
2004,4,France,Bottles and Cages,546
2004,4,France,Caps,244
2004,4,France,Cleaners,36
2004,4,France,Fenders,186
2004,4,France,Gloves,234
2004,4,France,Helmets,2728
2004,4,France,Hydration Packs,43
2004,4,France,Jerseys,1597
2004,4,France,Mountain Bikes,78451
2004,4,France,Road Bikes,40045
2004,4,France,Shorts,161
2004,4,France,Socks,26
2004,4,France,Tires and Tubes,2283
2004,4,France,Touring Bikes,48807
2004,4,France,Vests,237
2004,4,Germany,Bike Stands,667
2004,4,Germany,Bottles and Cages,376
2004,4,Germany,Caps,219
2004,4,Germany,Cleaners,60
2004,4,Germany,Fenders,205
2004,4,Germany,Gloves,126
2004,4,Germany,Helmets,2096
2004,4,Germany,Hydration Packs,129
2004,4,Germany,Jerseys,1348
2004,4,Germany,Mountain Bikes,58437
2004,4,Germany,Road Bikes,54938
2004,4,Germany,Socks,47
2004,4,Germany,Tires and Tubes,2255
2004,4,Germany,Touring Bikes,35475
2004,4,Germany,Vests,282
2004,4,Northeast,Caps,9
2004,4,Northwest,Bike Racks,439
2004,4,Northwest,Bike Stands,357
2004,4,Northwest,Bottles and Cages,793
2004,4,Northwest,Caps,258
2004,4,Northwest,Cleaners,73
2004,4,Northwest,Fenders,916
2004,4,Northwest,Gloves,451
2004,4,Northwest,Helmets,2918
2004,4,Northwest,Hydration Packs,439
2004,4,Northwest,Jerseys,3069
2004,4,Northwest,Mountain Bikes,88929
2004,4,Northwest,Road Bikes,70141
2004,4,Northwest,Shorts,1511
2004,4,Northwest,Socks,142
2004,4,Northwest,Tires and Tubes,3063
2004,4,Northwest,Touring Bikes,55519
2004,4,Northwest,Vests,552
2004,4,Southeast,Fenders,50
2004,4,Southeast,Helmets,63
2004,4,Southeast,Jerseys,117
2004,4,Southeast,Mountain Bikes,945
2004,4,Southeast,Tires and Tubes,36
2004,4,Southeast,Touring Bikes,2622
2004,4,Southwest,Bike Racks,360
2004,4,Southwest,Bike Stands,925
2004,4,Southwest,Bottles and Cages,1080
2004,4,Southwest,Caps,374
2004,4,Southwest,Cleaners,119
2004,4,Southwest,Fenders,923
2004,4,Southwest,Gloves,766
2004,4,Southwest,Helmets,4174
2004,4,Southwest,Hydration Packs,276
2004,4,Southwest,Jerseys,3372
2004,4,Southwest,Mountain Bikes,127685
2004,4,Southwest,Road Bikes,68382
2004,4,Southwest,Shorts,1903
2004,4,Southwest,Socks,104
2004,4,Southwest,Tires and Tubes,4882
2004,4,Southwest,Touring Bikes,113810
2004,4,Southwest,Vests,1228
2004,4,United Kingdom,Bike Racks,678
2004,4,United Kingdom,Bike Stands,340
2004,4,United Kingdom,Bottles and Cages,456
2004,4,United Kingdom,Caps,271
2004,4,United Kingdom,Cleaners,44
2004,4,United Kingdom,Fenders,365
2004,4,United Kingdom,Gloves,215
2004,4,United Kingdom,Helmets,2729
2004,4,United Kingdom,Hydration Packs,544
2004,4,United Kingdom,Jerseys,1401
2004,4,United Kingdom,Mountain Bikes,85494
2004,4,United Kingdom,Road Bikes,68377
2004,4,United Kingdom,Shorts,162
2004,4,United Kingdom,Socks,37
2004,4,United Kingdom,Tires and Tubes,2181
2004,4,United Kingdom,Touring Bikes,39948
2004,4,United Kingdom,Vests,355
2004,5,Australia,Bike Racks,1228
2004,5,Australia,Bike Stands,725
2004,5,Australia,Bottles and Cages,1087
2004,5,Australia,Caps,346
2004,5,Australia,Cleaners,243
2004,5,Australia,Fenders,843
2004,5,Australia,Gloves,469
2004,5,Australia,Helmets,5065
2004,5,Australia,Hydration Packs,1580
2004,5,Australia,Jerseys,3327
2004,5,Australia,Mountain Bikes,151523
2004,5,Australia,Road Bikes,169563
2004,5,Australia,Shorts,792
2004,5,Australia,Socks,81
2004,5,Australia,Tires and Tubes,4714
2004,5,Australia,Touring Bikes,152994
2004,5,Australia,Vests,906
2004,5,Canada,Bike Racks,697
2004,5,Canada,Bike Stands,491
2004,5,Canada,Bottles and Cages,492
2004,5,Canada,Caps,284
2004,5,Canada,Cleaners,80
2004,5,Canada,Fenders,801
2004,5,Canada,Gloves,452
2004,5,Canada,Helmets,3302
2004,5,Canada,Hydration Packs,975
2004,5,Canada,Jerseys,1834
2004,5,Canada,Mountain Bikes,88969
2004,5,Canada,Road Bikes,27524
2004,5,Canada,Shorts,1649
2004,5,Canada,Socks,55
2004,5,Canada,Tires and Tubes,4716
2004,5,Canada,Touring Bikes,20551
2004,5,Canada,Vests,462
2004,5,Central,Gloves,21
2004,5,Central,Helmets,44
2004,5,Central,Tires and Tubes,51
2004,5,France,Bike Racks,384
2004,5,France,Bike Stands,260
2004,5,France,Bottles and Cages,402
2004,5,France,Caps,133
2004,5,France,Cleaners,19
2004,5,France,Fenders,221
2004,5,France,Gloves,344
2004,5,France,Helmets,2155
2004,5,France,Hydration Packs,229
2004,5,France,Jerseys,1663
2004,5,France,Mountain Bikes,48860
2004,5,France,Road Bikes,55048
2004,5,France,Shorts,337
2004,5,France,Socks,32
2004,5,France,Tires and Tubes,1518
2004,5,France,Touring Bikes,32755
2004,5,Germany,Bike Racks,528
2004,5,Germany,Bike Stands,375
2004,5,Germany,Bottles and Cages,624
2004,5,Germany,Caps,270
2004,5,Germany,Cleaners,89
2004,5,Germany,Fenders,287
2004,5,Germany,Gloves,315
2004,5,Germany,Helmets,2349
2004,5,Germany,Hydration Packs,129
2004,5,Germany,Jerseys,1886
2004,5,Germany,Mountain Bikes,89926
2004,5,Germany,Road Bikes,67882
2004,5,Germany,Socks,51
2004,5,Germany,Tires and Tubes,2103
2004,5,Germany,Touring Bikes,36358
2004,5,Germany,Vests,289
2004,5,Northeast,Bottles and Cages,11
2004,5,Northeast,Hydration Packs,42
2004,5,Northeast,Mountain Bikes,2202
2004,5,Northeast,Tires and Tubes,43
2004,5,Northwest,Bike Racks,406
2004,5,Northwest,Bike Stands,954
2004,5,Northwest,Bottles and Cages,811
2004,5,Northwest,Caps,262
2004,5,Northwest,Cleaners,150
2004,5,Northwest,Fenders,1176
2004,5,Northwest,Gloves,522
2004,5,Northwest,Helmets,4251
2004,5,Northwest,Hydration Packs,498
2004,5,Northwest,Jerseys,1845
2004,5,Northwest,Mountain Bikes,130096
2004,5,Northwest,Road Bikes,58524
2004,5,Northwest,Shorts,1090
2004,5,Northwest,Socks,58
2004,5,Northwest,Tires and Tubes,4583
2004,5,Northwest,Touring Bikes,48958
2004,5,Northwest,Vests,742
2004,5,Southeast,Bottles and Cages,18
2004,5,Southeast,Caps,6
2004,5,Southeast,Fenders,25
2004,5,Southeast,Jerseys,47
2004,5,Southeast,Mountain Bikes,1835
2004,5,Southeast,Tires and Tubes,33
2004,5,Southwest,Bike Racks,1843
2004,5,Southwest,Bike Stands,321
2004,5,Southwest,Bottles and Cages,1183
2004,5,Southwest,Caps,313
2004,5,Southwest,Cleaners,122
2004,5,Southwest,Fenders,1179
2004,5,Southwest,Gloves,1098
2004,5,Southwest,Helmets,4985
2004,5,Southwest,Hydration Packs,1223
2004,5,Southwest,Jerseys,4653
2004,5,Southwest,Mountain Bikes,236388
2004,5,Southwest,Road Bikes,91980
2004,5,Southwest,Shorts,2190
2004,5,Southwest,Socks,82
2004,5,Southwest,Tires and Tubes,4338
2004,5,Southwest,Touring Bikes,143185
2004,5,Southwest,Vests,809
2004,5,United Kingdom,Bike Racks,399
2004,5,United Kingdom,Bike Stands,795
2004,5,United Kingdom,Bottles and Cages,612
2004,5,United Kingdom,Caps,249
2004,5,United Kingdom,Cleaners,35
2004,5,United Kingdom,Fenders,233
2004,5,United Kingdom,Gloves,333
2004,5,United Kingdom,Helmets,3313
2004,5,United Kingdom,Hydration Packs,404
2004,5,United Kingdom,Jerseys,2130
2004,5,United Kingdom,Mountain Bikes,53177
2004,5,United Kingdom,Road Bikes,87613
2004,5,United Kingdom,Shorts,397
2004,5,United Kingdom,Socks,40
2004,5,United Kingdom,Tires and Tubes,1795
2004,5,United Kingdom,Touring Bikes,71576
2004,5,United Kingdom,Vests,327
2004,6,Australia,Bike Racks,571
2004,6,Australia,Bike Stands,615
2004,6,Australia,Bottles and Cages,774
2004,6,Australia,Caps,297
2004,6,Australia,Cleaners,204
2004,6,Australia,Fenders,884
2004,6,Australia,Gloves,910
2004,6,Australia,Helmets,4898
2004,6,Australia,Hydration Packs,956
2004,6,Australia,Jerseys,5160
2004,6,Australia,Mountain Bikes,105362
2004,6,Australia,Road Bikes,219417
2004,6,Australia,Shorts,855
2004,6,Australia,Socks,55
2004,6,Australia,Tires and Tubes,4439
2004,6,Australia,Touring Bikes,134049
2004,6,Australia,Vests,491
2004,6,Canada,Bike Racks,516
2004,6,Canada,Bike Stands,457
2004,6,Canada,Bottles and Cages,630
2004,6,Canada,Caps,280
2004,6,Canada,Cleaners,93
2004,6,Canada,Fenders,623
2004,6,Canada,Gloves,446
2004,6,Canada,Helmets,2273
2004,6,Canada,Hydration Packs,456
2004,6,Canada,Jerseys,2603
2004,6,Canada,Mountain Bikes,34787
2004,6,Canada,Road Bikes,42401
2004,6,Canada,Shorts,2110
2004,6,Canada,Socks,78
2004,6,Canada,Tires and Tubes,2736
2004,6,Canada,Touring Bikes,40262
2004,6,Canada,Vests,767
2004,6,Central,Tires and Tubes,47
2004,6,France,Bike Racks,403
2004,6,France,Bottles and Cages,707
2004,6,France,Caps,264
2004,6,France,Cleaners,112
2004,6,France,Fenders,274
2004,6,France,Gloves,220
2004,6,France,Helmets,2109
2004,6,France,Hydration Packs,137
2004,6,France,Jerseys,2167
2004,6,France,Mountain Bikes,106933
2004,6,France,Road Bikes,64999
2004,6,France,Shorts,134
2004,6,France,Socks,19
2004,6,France,Tires and Tubes,2378
2004,6,France,Touring Bikes,30708
2004,6,France,Vests,143
2004,6,Germany,Bike Racks,410
2004,6,Germany,Bottles and Cages,517
2004,6,Germany,Caps,241
2004,6,Germany,Cleaners,17
2004,6,Germany,Fenders,511
2004,6,Germany,Gloves,217
2004,6,Germany,Helmets,2910
2004,6,Germany,Hydration Packs,177
2004,6,Germany,Jerseys,1692
2004,6,Germany,Mountain Bikes,80055
2004,6,Germany,Road Bikes,72290
2004,6,Germany,Shorts,150
2004,6,Germany,Socks,42
2004,6,Germany,Tires and Tubes,2290
2004,6,Germany,Touring Bikes,54805
2004,6,Germany,Vests,148
2004,6,Northeast,Bottles and Cages,11
2004,6,Northeast,Caps,10
2004,6,Northeast,Fenders,22
2004,6,Northeast,Tires and Tubes,5
2004,6,Northwest,Bike Racks,451
2004,6,Northwest,Bottles and Cages,1082
2004,6,Northwest,Caps,214
2004,6,Northwest,Cleaners,107
2004,6,Northwest,Fenders,1077
2004,6,Northwest,Gloves,933
2004,6,Northwest,Helmets,3563
2004,6,Northwest,Hydration Packs,778
2004,6,Northwest,Jerseys,2619
2004,6,Northwest,Mountain Bikes,128681
2004,6,Northwest,Road Bikes,68624
2004,6,Northwest,Shorts,2272
2004,6,Northwest,Socks,97
2004,6,Northwest,Tires and Tubes,3940
2004,6,Northwest,Touring Bikes,58014
2004,6,Northwest,Vests,800
2004,6,Southwest,Bike Racks,777
2004,6,Southwest,Bike Stands,818
2004,6,Southwest,Bottles and Cages,1093
2004,6,Southwest,Caps,379
2004,6,Southwest,Cleaners,136
2004,6,Southwest,Fenders,1375
2004,6,Southwest,Gloves,763
2004,6,Southwest,Helmets,3948
2004,6,Southwest,Hydration Packs,1148
2004,6,Southwest,Jerseys,4301
2004,6,Southwest,Mountain Bikes,188503
2004,6,Southwest,Road Bikes,69223
2004,6,Southwest,Shorts,1926
2004,6,Southwest,Socks,77
2004,6,Southwest,Tires and Tubes,5539
2004,6,Southwest,Touring Bikes,98721
2004,6,Southwest,Vests,647
2004,6,United Kingdom,Bike Racks,537
2004,6,United Kingdom,Bike Stands,241
2004,6,United Kingdom,Bottles and Cages,778
2004,6,United Kingdom,Caps,390
2004,6,United Kingdom,Cleaners,64
2004,6,United Kingdom,Fenders,376
2004,6,United Kingdom,Gloves,386
2004,6,United Kingdom,Helmets,2653
2004,6,United Kingdom,Hydration Packs,599
2004,6,United Kingdom,Jerseys,1650
2004,6,United Kingdom,Mountain Bikes,143792
2004,6,United Kingdom,Road Bikes,53165
2004,6,United Kingdom,Shorts,220
2004,6,United Kingdom,Socks,99
2004,6,United Kingdom,Tires and Tubes,1941
2004,6,United Kingdom,Touring Bikes,78053
2004,6,United Kingdom,Vests,248
2004,7,Australia,Bike Racks,244
2004,7,Australia,Bike Stands,604
2004,7,Australia,Bottles and Cages,313
2004,7,Australia,Caps,173
2004,7,Australia,Cleaners,68
2004,7,Australia,Fenders,276
2004,7,Australia,Gloves,314
2004,7,Australia,Helmets,1103
2004,7,Australia,Hydration Packs,418
2004,7,Australia,Jerseys,1988
2004,7,Australia,Shorts,754
2004,7,Australia,Socks,40
2004,7,Australia,Tires and Tubes,2812
2004,7,Australia,Vests,339
2004,7,Canada,Bike Racks,624
2004,7,Canada,Bike Stands,257
2004,7,Canada,Bottles and Cages,482
2004,7,Canada,Caps,128
2004,7,Canada,Cleaners,96
2004,7,Canada,Fenders,757
2004,7,Canada,Gloves,279
2004,7,Canada,Helmets,1528
2004,7,Canada,Hydration Packs,221
2004,7,Canada,Jerseys,1473
2004,7,Canada,Shorts,923
2004,7,Canada,Socks,75
2004,7,Canada,Tires and Tubes,2438
2004,7,Canada,Vests,417
2004,7,France,Bike Racks,152
2004,7,France,Bottles and Cages,103
2004,7,France,Caps,117
2004,7,France,Fenders,105
2004,7,France,Gloves,134
2004,7,France,Helmets,1063
2004,7,France,Hydration Packs,88
2004,7,France,Jerseys,388
2004,7,France,Shorts,219
2004,7,France,Socks,27
2004,7,France,Tires and Tubes,1123
2004,7,France,Vests,109
2004,7,Germany,Bike Racks,450
2004,7,Germany,Bottles and Cages,145
2004,7,Germany,Caps,71
2004,7,Germany,Cleaners,6
2004,7,Germany,Fenders,133
2004,7,Germany,Gloves,118
2004,7,Germany,Helmets,972
2004,7,Germany,Hydration Packs,90
2004,7,Germany,Jerseys,383
2004,7,Germany,Shorts,116
2004,7,Germany,Socks,14
2004,7,Germany,Tires and Tubes,1384
2004,7,Germany,Vests,197
2004,7,Northwest,Bike Racks,571
2004,7,Northwest,Bike Stands,124
2004,7,Northwest,Bottles and Cages,451
2004,7,Northwest,Caps,142
2004,7,Northwest,Cleaners,60
2004,7,Northwest,Fenders,462
2004,7,Northwest,Gloves,396
2004,7,Northwest,Helmets,1626
2004,7,Northwest,Hydration Packs,345
2004,7,Northwest,Jerseys,1718
2004,7,Northwest,Shorts,984
2004,7,Northwest,Socks,21
2004,7,Northwest,Tires and Tubes,2933
2004,7,Northwest,Vests,320
2004,7,Southeast,Bottles and Cages,4
2004,7,Southeast,Helmets,85
2004,7,Southeast,Tires and Tubes,34
2004,7,Southwest,Bike Racks,398
2004,7,Southwest,Bike Stands,314
2004,7,Southwest,Bottles and Cages,368
2004,7,Southwest,Caps,186
2004,7,Southwest,Cleaners,108
2004,7,Southwest,Fenders,461
2004,7,Southwest,Gloves,195
2004,7,Southwest,Helmets,1706
2004,7,Southwest,Hydration Packs,268
2004,7,Southwest,Jerseys,1327
2004,7,Southwest,Shorts,781
2004,7,Southwest,Socks,33
2004,7,Southwest,Tires and Tubes,2253
2004,7,Southwest,Vests,445
2004,7,United Kingdom,Bike Racks,118
2004,7,United Kingdom,Bike Stands,138
2004,7,United Kingdom,Bottles and Cages,103
2004,7,United Kingdom,Caps,79
2004,7,United Kingdom,Cleaners,18
2004,7,United Kingdom,Fenders,252
2004,7,United Kingdom,Gloves,135
2004,7,United Kingdom,Helmets,677
2004,7,United Kingdom,Hydration Packs,66
2004,7,United Kingdom,Jerseys,728
2004,7,United Kingdom,Shorts,143
2004,7,United Kingdom,Socks,21
2004,7,United Kingdom,Tires and Tubes,1646
2004,7,United Kingdom,Vests,236
